zooHAR,gene,ensg,genomic_pos,ancestral,human,n_isoforms,n_isoforms_exonic,frac_exonic,classification
ZOOHAR.20,GDNF-AS1,ENSG00000248587,37981466,C,G,30,0,0.0,INTRONIC
ZOOHAR.20,GDNF-AS1,ENSG00000248587,37981482,U,C,30,0,0.0,INTRONIC
ZOOHAR.20,GDNF-AS1,ENSG00000248587,37981483,G,A,30,0,0.0,INTRONIC
ZOOHAR.20,GDNF-AS1,ENSG00000248587,37981540,C,A,30,0,0.0,INTRONIC
ZOOHAR.20,GDNF-AS1,ENSG00000248587,37981556,G,U,30,0,0.0,INTRONIC
ZOOHAR.20,GDNF-AS1,ENSG00000248587,37981599,U,G,30,0,0.0,INTRONIC
ZOOHAR.34,ENSG00000228683;LINC00856,ENSG00000228683;ENSG00000230417,78663912,C,G,64,0,0.0,INTRONIC
ZOOHAR.34,ENSG00000228683;LINC00856,ENSG00000228683;ENSG00000230417,78663936,G,U,64,0,0.0,INTRONIC
ZOOHAR.34,ENSG00000228683;LINC00856,ENSG00000228683;ENSG00000230417,78663952,A,C,64,0,0.0,INTRONIC
ZOOHAR.34,ENSG00000228683;LINC00856,ENSG00000228683;ENSG00000230417,78663957,U,C,64,0,0.0,INTRONIC
ZOOHAR.34,ENSG00000228683;LINC00856,ENSG00000228683;ENSG00000230417,78663965,G,C,64,0,0.0,INTRONIC
ZOOHAR.38,ENSG00000255087,ENSG00000255087,127143663,A,G,55,0,0.0,INTRONIC
ZOOHAR.38,ENSG00000255087,ENSG00000255087,127143675,A,G,55,0,0.0,INTRONIC
ZOOHAR.38,ENSG00000255087,ENSG00000255087,127143697,A,G,55,0,0.0,INTRONIC
ZOOHAR.38,ENSG00000255087,ENSG00000255087,127143712,A,C,55,0,0.0,INTRONIC
ZOOHAR.38,ENSG00000255087,ENSG00000255087,127143735,U,G,55,0,0.0,INTRONIC
ZOOHAR.62,ENSG00000259199,ENSG00000259199,97712739,U,C,2,0,0.0,INTRONIC
ZOOHAR.62,ENSG00000259199,ENSG00000259199,97712748,C,U,2,0,0.0,INTRONIC
ZOOHAR.62,ENSG00000259199,ENSG00000259199,97712761,A,G,2,0,0.0,INTRONIC
ZOOHAR.62,ENSG00000259199,ENSG00000259199,97712769,A,G,2,0,0.0,INTRONIC
ZOOHAR.73,LINC01830,ENSG00000228999,22236734,A,G,25,0,0.0,INTRONIC
ZOOHAR.73,LINC01830,ENSG00000228999,22236735,C,U,25,0,0.0,INTRONIC
ZOOHAR.73,LINC01830,ENSG00000228999,22236761,A,G,25,0,0.0,INTRONIC
ZOOHAR.73,LINC01830,ENSG00000228999,22236771,A,G,25,0,0.0,INTRONIC
ZOOHAR.105,HDAC2-AS2;LNCPOIR,ENSG00000228624;ENSG00000232395,114450530,A,C,61,0,0.0,INTRONIC
ZOOHAR.105,HDAC2-AS2;LNCPOIR,ENSG00000228624;ENSG00000232395,114450533,G,A,61,0,0.0,INTRONIC
ZOOHAR.105,HDAC2-AS2;LNCPOIR,ENSG00000228624;ENSG00000232395,114450553,U,C,61,0,0.0,INTRONIC
ZOOHAR.105,HDAC2-AS2;LNCPOIR,ENSG00000228624;ENSG00000232395,114450566,G,A,61,0,0.0,INTRONIC
ZOOHAR.109,ENSG00000232633,ENSG00000232633,113433310,C,U,4,1,0.25,EXONIC
ZOOHAR.109,ENSG00000232633,ENSG00000232633,113433332,G,A,4,1,0.25,EXONIC
ZOOHAR.109,ENSG00000232633,ENSG00000232633,113433345,C,U,4,1,0.25,EXONIC
ZOOHAR.109,ENSG00000232633,ENSG00000232633,113433366,G,A,4,1,0.25,EXONIC
ZOOHAR.119,LINC00924,ENSG00000259134,95550511,C,U,76,0,0.0,INTRONIC
ZOOHAR.119,LINC00924,ENSG00000259134,95550515,A,G,76,0,0.0,INTRONIC
ZOOHAR.119,LINC00924,ENSG00000259134,95550539,C,U,76,0,0.0,INTRONIC
ZOOHAR.132,ENSG00000235126;ENSG00000289828,ENSG00000235126;ENSG00000289828,197375114,G,U,27,0,0.0,INTRONIC
ZOOHAR.132,ENSG00000235126;ENSG00000289828,ENSG00000235126;ENSG00000289828,197375115,A,G,27,0,0.0,INTRONIC
ZOOHAR.132,ENSG00000235126;ENSG00000289828,ENSG00000235126;ENSG00000289828,197375135,G,A,27,0,0.0,INTRONIC
ZOOHAR.132,ENSG00000235126;ENSG00000289828,ENSG00000235126;ENSG00000289828,197375145,G,A,27,0,0.0,INTRONIC
ZOOHAR.134,LINC02743,ENSG00000255258,133663938,A,G,61,0,0.0,INTRONIC
ZOOHAR.134,LINC02743,ENSG00000255258,133663950,A,G,61,0,0.0,INTRONIC
ZOOHAR.134,LINC02743,ENSG00000255258,133663956,A,C,61,0,0.0,INTRONIC
ZOOHAR.134,LINC02743,ENSG00000255258,133663961,A,G,61,0,0.0,INTRONIC
ZOOHAR.146,PKP4-AS1,ENSG00000204380,158765736,U,G,6,0,0.0,INTRONIC
ZOOHAR.146,PKP4-AS1,ENSG00000204380,158765747,G,A,6,0,0.0,INTRONIC
ZOOHAR.146,PKP4-AS1,ENSG00000204380,158765760,A,G,6,0,0.0,INTRONIC
ZOOHAR.146,PKP4-AS1,ENSG00000204380,158765785,A,C,6,0,0.0,INTRONIC
ZOOHAR.154,MIATNB,ENSG00000244625,26814734,G,A,121,0,0.0,INTRONIC
ZOOHAR.154,MIATNB,ENSG00000244625,26814752,U,C,121,0,0.0,INTRONIC
ZOOHAR.154,MIATNB,ENSG00000244625,26814784,A,G,121,0,0.0,INTRONIC
ZOOHAR.154,MIATNB,ENSG00000244625,26814794,A,G,121,0,0.0,INTRONIC
ZOOHAR.164,ENSG00000234758,ENSG00000234758,131954023,C,U,1,0,0.0,INTRONIC
ZOOHAR.164,ENSG00000234758,ENSG00000234758,131954042,A,U,1,0,0.0,INTRONIC
ZOOHAR.164,ENSG00000234758,ENSG00000234758,131954057,G,A,1,0,0.0,INTRONIC
ZOOHAR.178,ENSG00000228408,ENSG00000228408,149236680,A,G,4,0,0.0,INTRONIC
ZOOHAR.178,ENSG00000228408,ENSG00000228408,149236693,U,C,4,0,0.0,INTRONIC
ZOOHAR.178,ENSG00000228408,ENSG00000228408,149236722,A,G,4,0,0.0,INTRONIC
ZOOHAR.178,ENSG00000228408,ENSG00000228408,149236749,C,A,4,0,0.0,INTRONIC
ZOOHAR.183,ENSG00000255496,ENSG00000255496,27729017,C,U,1,0,0.0,INTRONIC
ZOOHAR.183,ENSG00000255496,ENSG00000255496,27729032,A,G,1,0,0.0,INTRONIC
ZOOHAR.183,ENSG00000255496,ENSG00000255496,27729039,U,C,1,0,0.0,INTRONIC
ZOOHAR.183,ENSG00000255496,ENSG00000255496,27729044,U,C,1,0,0.0,INTRONIC
ZOOHAR.187,ENSG00000229855,ENSG00000229855,121196442,U,A,16,0,0.0,INTRONIC
ZOOHAR.187,ENSG00000229855,ENSG00000229855,121196467,A,G,16,0,0.0,INTRONIC
ZOOHAR.187,ENSG00000229855,ENSG00000229855,121196576,C,U,16,0,0.0,INTRONIC
ZOOHAR.187,ENSG00000229855,ENSG00000229855,121196744,G,A,16,0,0.0,INTRONIC
ZOOHAR.187,ENSG00000229855,ENSG00000229855,121196779,U,C,16,0,0.0,INTRONIC
ZOOHAR.187,ENSG00000229855,ENSG00000229855,121196824,G,C,16,0,0.0,INTRONIC
ZOOHAR.193,LINC02337,ENSG00000215881,111607657,U,C,14,0,0.0,INTRONIC
ZOOHAR.193,LINC02337,ENSG00000215881,111607701,U,C,14,0,0.0,INTRONIC
ZOOHAR.193,LINC02337,ENSG00000215881,111607706,C,G,14,0,0.0,INTRONIC
ZOOHAR.234,RFX3-DT,ENSG00000232104,3650582,G,C,60,0,0.0,INTRONIC
ZOOHAR.234,RFX3-DT,ENSG00000232104,3650602,A,C,60,0,0.0,INTRONIC
ZOOHAR.234,RFX3-DT,ENSG00000232104,3650604,C,G,60,0,0.0,INTRONIC
ZOOHAR.234,RFX3-DT,ENSG00000232104,3650683,U,C,60,0,0.0,INTRONIC
ZOOHAR.237,PTPRD-AS1,ENSG00000225706,8863207,U,G,5,1,0.2,EXONIC
ZOOHAR.237,PTPRD-AS1,ENSG00000225706,8863211,U,C,5,1,0.2,EXONIC
ZOOHAR.249,CAVIN2-AS1,ENSG00000233766,191859171,U,C,25,0,0.0,INTRONIC
ZOOHAR.249,CAVIN2-AS1,ENSG00000233766,191859182,C,G,25,0,0.0,INTRONIC
ZOOHAR.249,CAVIN2-AS1,ENSG00000233766,191859189,U,C,25,0,0.0,INTRONIC
ZOOHAR.255,LINC00609,ENSG00000257585,36111973,A,U,40,0,0.0,INTRONIC
ZOOHAR.255,LINC00609,ENSG00000257585,36111976,U,C,40,0,0.0,INTRONIC
ZOOHAR.255,LINC00609,ENSG00000257585,36112016,G,A,40,0,0.0,INTRONIC
ZOOHAR.255,LINC00609,ENSG00000257585,36112038,G,C,40,0,0.0,INTRONIC
ZOOHAR.260,TTC29-AS1,ENSG00000248764,146981150,A,G,15,0,0.0,INTRONIC
ZOOHAR.260,TTC29-AS1,ENSG00000248764,146981185,U,G,15,0,0.0,INTRONIC
ZOOHAR.260,TTC29-AS1,ENSG00000248764,146981291,U,G,15,0,0.0,INTRONIC
ZOOHAR.260,TTC29-AS1,ENSG00000248764,146981296,G,A,15,0,0.0,INTRONIC
ZOOHAR.272,ENSG00000231901,ENSG00000231901,117858774,A,G,1,0,0.0,INTRONIC
ZOOHAR.272,ENSG00000231901,ENSG00000231901,117858789,A,C,1,0,0.0,INTRONIC
ZOOHAR.272,ENSG00000231901,ENSG00000231901,117858831,A,U,1,0,0.0,INTRONIC
ZOOHAR.274,RMST,ENSG00000255794,97421612,C,U,68,0,0.0,INTRONIC
ZOOHAR.274,RMST,ENSG00000255794,97421634,C,G,68,0,0.0,INTRONIC
ZOOHAR.274,RMST,ENSG00000255794,97421645,A,G,68,0,0.0,INTRONIC
